Sensor_Sat,Sensor,Satellite,Start_Date,End_Date,Status
HIRS (TIROS-N),HIRS,TIROS-N,1978-11-01,1981-08-01,Both
HIRS (NOAA-6),HIRS,NOAA-6,1979-05-01,1985-02-01,Both
HIRS (NOAA-7),HIRS,NOAA-7,1981-05-01,1985-07-01,Both
HIRS (NOAA-8),HIRS,NOAA-8,1983-03-01,1985-01-01,Both
HIRS (NOAA-9),HIRS,NOAA-9,1984-10-01,1989-05-01,Both
HIRS (NOAA-10),HIRS,NOAA-10,1986-09-01,1992-03-01,Both
HIRS (NOAA-11),HIRS,NOAA-11,1988-07-01,2000-10-01,Both
HIRS (NOAA-12),HIRS,NOAA-12,1991-04-01,1998-09-01,Both
HIRS (NOAA-14),HIRS,NOAA-14,1994-08-01,2006-05-01,Both
HIRS (NOAA-15),HIRS,NOAA-15,1998-05-01,2008-11-01,Both
HIRS (NOAA-16),HIRS,NOAA-16,2000-08-01,2013-10-01,Both
HIRS (NOAA-17),HIRS,NOAA-17,2001-11-01,2012-09-01,Both
HIRS (NOAA-18),HIRS,NOAA-18,2004-11-01,2024-08-01,Both
HIRS (NOAA-19),HIRS,NOAA-19,2008-08-01,2024-08-01,Both
HIRS (METOP-A),HIRS,METOP-A,2006-09-01,2021-03-01,Both
HIRS (METOP-B),HIRS,METOP-B,2012-05-01,2022-07-01,Both
MSU (TIROS-N),MSU,TIROS-N,1978-09-01,1981-08-01,Both
MSU (NOAA-6),MSU,NOAA-6,1979-05-01,1987-05-01,Both
MSU (NOAA-7),MSU,NOAA-7,1981-04-01,1985-08-01,Both
MSU (NOAA-8),MSU,NOAA-8,1983-03-01,1985-09-01,Both
MSU (NOAA-9),MSU,NOAA-9,1984-10-01,1988-09-01,Both
MSU (NOAA-10),MSU,NOAA-10,1986-09-01,1992-03-01,Both
MSU (NOAA-11),MSU,NOAA-11,1988-08-01,1999-09-01,Both
MSU (NOAA-12),MSU,NOAA-12,1991-04-01,1998-09-01,Both
MSU (NOAA-14),MSU,NOAA-14,1994-08-01,2007-03-01,Both
SSU (TIROS-N),SSU,TIROS-N,1978-10-01,1981-08-01,Both
SSU (NOAA-6),SSU,NOAA-6,1979-05-01,1987-05-01,Both
SSU (NOAA-7),SSU,NOAA-7,1981-05-01,1985-08-01,Both
SSU (NOAA-8),SSU,NOAA-8,1983-03-01,1985-01-01,Both
SSU (NOAA-9),SSU,NOAA-9,1984-10-01,1989-05-01,Both
SSU (NOAA-11),SSU,NOAA-11,1988-07-01,2004-02-01,Both
SSU (NOAA-14),SSU,NOAA-14,1994-08-01,2006-10-01,Both
AMSUA (NOAA-15),AMSUA,NOAA-15,1998-05-01,2026-05-01,Both
AMSUA (NOAA-16),AMSUA,NOAA-16,2000-05-01,2015-01-01,Both
AMSUA (NOAA-17),AMSUA,NOAA-17,2002-01-01,2004-05-01,Both
AMSUA (NOAA-18),AMSUA,NOAA-18,2005-01-01,2026-05-01,Both
AMSUA (NOAA-19),AMSUA,NOAA-19,2008-08-01,2026-05-01,Both
AMSUA (AQUA),AMSUA,AQUA,2002-02-01,2022-05-01,Both
AMSUA (METOP-A),AMSUA,METOP-A,2006-09-01,2021-03-01,Both
AMSUA (METOP-B),AMSUA,METOP-B,2012-05-01,2026-05-01,Both
AMSUA (METOP-C),AMSUA,METOP-C,2018-11-01,2026-05-01,Both
AMSUB (NOAA-15),AMSUB,NOAA-15,1998-05-01,2010-09-01,NNJA Only
AMSUB (NOAA-16),AMSUB,NOAA-16,2000-05-01,2013-10-01,Both
AMSUB (NOAA-17),AMSUB,NOAA-17,2002-01-01,2012-09-01,Both
MHS (NOAA-18),MHS,NOAA-18,2004-11-01,2026-05-01,Both
MHS (NOAA-19),MHS,NOAA-19,2008-08-01,2026-05-01,Both
MHS (METOP-A),MHS,METOP-A,2006-09-01,2021-03-01,Both
MHS (METOP-B),MHS,METOP-B,2012-05-01,2026-05-01,Both
MHS (METOP-C),MHS,METOP-C,2018-11-01,2026-05-01,Both
ATMS (NPP),ATMS,NPP,2011-03-01,2026-05-01,Both
CrIS (NPP),CrIS,NPP,2012-02-01,2023-04-01,Both
ATMS (NOAA-20),ATMS,NOAA-20,2017-07-01,2026-05-01,Both
CrIS (NOAA-20),CrIS,NOAA-20,2017-04-01,2026-05-01,Both
ATMS (NOAA-21),ATMS,NOAA-21,2022-09-01,2026-05-01,NNJA Only
CrIS (NOAA-21),CrIS,NOAA-21,2022-09-01,2026-05-01,NNJA Only
SSMI (DMSP-8),SSMI,DMSP-8,1987-03-01,1992-07-01,Both
SSMI (DMSP-10),SSMI,DMSP-10,1990-08-01,1997-11-01,Both
SSMI (DMSP-11),SSMI,DMSP-11,1991-08-01,2010-03-01,Both
SSMI (DMSP-13),SSMI,DMSP-13,1995-01-01,2009-08-01,Both
SSMI (DMSP-14),SSMI,DMSP-14,1996-11-01,2008-02-01,Both
SSMI (DMSP-15),SSMI,DMSP-15,1999-07-01,2010-03-01,Both
SSMIS (DMSP-16),SSMIS,DMSP-16,2003-04-01,2026-05-01,NNJA Only
SSMIS (DMSP-17),SSMIS,DMSP-17,2006-04-01,2026-05-01,Both
SSMIS (DMSP-18),SSMIS,DMSP-18,2009-04-01,2025-07-01,Both
SSMIS (DMSP-19),SSMIS,DMSP-19,2014-10-01,2015-07-01,NNJA Only
AIRS (AQUA),AIRS,AQUA,2002-02-01,2026-05-01,Both
IASI (METOP-A),IASI,METOP-A,2007-05-01,2021-02-01,Both
IASI (METOP-B),IASI,METOP-B,2012-05-01,2026-05-01,Both
IASI (METOP-C),IASI,METOP-C,2019-08-01,2026-05-01,NNJA Only
TMI (TRMM),TMI,TRMM,1997-08-01,2015-09-01,Both
AMSRE (AQUA),AMSRE,AQUA,2002-02-01,2012-04-01,Both
AMSR2 (GCOM-W1),AMSR2,GCOM-W1,2011-11-01,2020-03-01,Both
GMI (GPM-core),GMI,GPM-core,2013-07-01,2026-05-01,Both
SAPHIR (Megha-Tropiques),SAPHIR,Megha-Tropiques,2016-03-01,2021-03-01,Both
SEVIRI (METEOSAT-8),SEVIRI,METEOSAT-8,2001-10-01,2026-05-01,Both
SEVIRI (METEOSAT-9),SEVIRI,METEOSAT-9,2006-09-01,2025-07-01,Both
SEVIRI (METEOSAT-10),SEVIRI,METEOSAT-10,2012-04-01,2025-07-01,Both
SEVIRI (METEOSAT-11),SEVIRI,METEOSAT-11,2017-04-01,2026-05-01,Both
AHI (Himawari-8),AHI,Himawari-8,2016-08-01,2020-03-01,ERA5 Only
Imager (GOES-13),Imager,GOES-13,2010-11-01,2018-05-01,ERA5 Only
Imager (GOES-15),Imager,GOES-15,2012-11-01,2020-02-01,ERA5 Only
ABI (GOES-16),ABI,GOES-16,2019-03-01,2020-03-01,ERA5 Only
AVHRR (NOAA-15),AVHRR,NOAA-15,1998-05-01,2011-08-01,NNJA Only
AVHRR (NOAA-17),AVHRR,NOAA-17,2002-01-01,2012-09-01,NNJA Only
AVHRR (METOP-A),AVHRR,METOP-A,2006-10-01,2026-05-01,NNJA Only
AVHRR (NOAA-16),AVHRR,NOAA-16,2000-09-01,2005-03-01,NNJA Only
AVHRR (NOAA-18),AVHRR,NOAA-18,2004-09-01,2026-05-01,NNJA Only
MSU (NOAA-5),MSU,NOAA-5,1979-10-01,1980-01-01,NNJA Only
Imager (GOES-12),Imager,GOES-12,2003-10-01,2010-10-01,ERA5 Only
Imager (GOES-11),Imager,GOES-11,2007-04-01,2012-07-01,ERA5 Only
Imager (GOES-10),Imager,GOES-10,2002-05-01,2007-01-01,ERA5 Only
Imager (GOES-9),Imager,GOES-9,2004-01-01,2006-04-01,ERA5 Only
Imager (GOES-8),Imager,GOES-8,2002-04-01,2003-08-01,ERA5 Only
GEOS (METEOSAT-7),GEOS,METEOSAT-7,2001-10-01,2017-08-01,ERA5 Only
GEOS (METEOSAT-5),GEOS,METEOSAT-5,2003-10-01,2007-08-01,ERA5 Only
Imager (MTSAT-2),Imager,MTSAT-2,2011-08-01,2016-07-01,ERA5 Only
Imager (MTSAT-1R),Imager,MTSAT-1R,2008-07-01,2011-02-01,ERA5 Only
MWHS2 (FY-3C),MWHS2,FY-3C,2016-10-01,2020-03-01,ERA5 Only
MWHS (FY-3B),MWHS,FY-3B,2013-10-01,2020-03-01,ERA5 Only
